API Call Time,Origin Name,Destination Name,Origin Coords,Destination Coords,Travel Duration,Distance
2025-05-07 07:08:02,Kuday,Al Haram,"21.386017426262615, 39.831272882753694","21.419889302655985, 39.82558482788133",482,4498
2025-05-07 07:08:02,Al Haram,Kuday,"21.419889302655985, 39.82558482788133","21.386017426262615, 39.831272882753694",644,6654
2025-05-07 07:08:02,Aziziyah,Al Haram,"21.413702416492058, 39.87087954932962","21.420171155678947, 39.8263961521443",647,6658
2025-05-07 07:08:02,Al Haram,Aziziyah,"21.420171155678947, 39.8263961521443","21.413702416492058, 39.87087954932962",627,5608
2025-05-07 07:08:02,Al Diyafah,Al Haram,"21.43771949536763, 39.79759612052554","21.426614011809374, 39.826821469626985",670,6038
2025-05-07 07:08:02,Al Haram,Al Diyafah,"21.426614011809374, 39.826821469626985","21.43771949536763, 39.79759612052554",724,6431
2025-05-07 07:08:02,Al Rusayfah,Al Haram,"21.42428619106314, 39.793562519396815","21.421894110407177, 39.82933707000043",502,4587
2025-05-07 07:08:02,Al Haram,Al Rusayfah,"21.421012408507792, 39.82275380268641","21.42428619106314, 39.793562519396815",433,3554
2025-05-07 07:08:02,Al Andalus,Al Haram,"21.44532880698111, 39.83456350366402","21.426567017912237, 39.82737258937668",731,5138
2025-05-07 07:08:02,Al Haram,Al Andalus,"21.426567017912237, 39.82737258937668","21.44532880698111, 39.83456350366402",488,2772
2025-05-07 07:30:52,Kuday,Al Haram,"21.386017426262615, 39.831272882753694","21.419889302655985, 39.82558482788133",482,4498
2025-05-07 07:30:52,Al Haram,Kuday,"21.419889302655985, 39.82558482788133","21.386017426262615, 39.831272882753694",644,6654
2025-05-07 07:30:52,Aziziyah,Al Haram,"21.413702416492058, 39.87087954932962","21.420171155678947, 39.8263961521443",647,6658
2025-05-07 07:30:52,Al Haram,Aziziyah,"21.420171155678947, 39.8263961521443","21.413702416492058, 39.87087954932962",627,5608
2025-05-07 07:30:52,Al Diyafah,Al Haram,"21.43771949536763, 39.79759612052554","21.426614011809374, 39.826821469626985",670,6038
2025-05-07 07:30:52,Al Haram,Al Diyafah,"21.426614011809374, 39.826821469626985","21.43771949536763, 39.79759612052554",724,6431
2025-05-07 07:30:52,Al Rusayfah,Al Haram,"21.42428619106314, 39.793562519396815","21.421894110407177, 39.82933707000043",502,4587
2025-05-07 07:30:52,Al Haram,Al Rusayfah,"21.421012408507792, 39.82275380268641","21.42428619106314, 39.793562519396815",433,3554
2025-05-07 07:30:52,Al Andalus,Al Haram,"21.44532880698111, 39.83456350366402","21.426567017912237, 39.82737258937668",731,5138
2025-05-07 07:30:52,Al Haram,Al Andalus,"21.426567017912237, 39.82737258937668","21.44532880698111, 39.83456350366402",488,2772
2025-05-07 07:46:41,Kuday,Al Haram,"21.386017426262615, 39.831272882753694","21.419889302655985, 39.82558482788133",482,4498
2025-05-07 07:46:41,Al Haram,Kuday,"21.419889302655985, 39.82558482788133","21.386017426262615, 39.831272882753694",644,6654
2025-05-07 07:46:41,Aziziyah,Al Haram,"21.413702416492058, 39.87087954932962","21.420171155678947, 39.8263961521443",647,6658
2025-05-07 07:46:41,Al Haram,Aziziyah,"21.420171155678947, 39.8263961521443","21.413702416492058, 39.87087954932962",627,5608
2025-05-07 07:46:41,Al Diyafah,Al Haram,"21.43771949536763, 39.79759612052554","21.426614011809374, 39.826821469626985",670,6038
2025-05-07 07:46:41,Al Haram,Al Diyafah,"21.426614011809374, 39.826821469626985","21.43771949536763, 39.79759612052554",724,6431
2025-05-07 07:46:41,Al Rusayfah,Al Haram,"21.42428619106314, 39.793562519396815","21.421894110407177, 39.82933707000043",502,4587
2025-05-07 07:46:41,Al Haram,Al Rusayfah,"21.421012408507792, 39.82275380268641","21.42428619106314, 39.793562519396815",433,3554
2025-05-07 07:46:41,Al Andalus,Al Haram,"21.44532880698111, 39.83456350366402","21.426567017912237, 39.82737258937668",731,5138
2025-05-07 07:46:41,Al Haram,Al Andalus,"21.426567017912237, 39.82737258937668","21.44532880698111, 39.83456350366402",488,2772
2025-05-07 08:42:01,Kuday,Al Haram,"21.386017426262615, 39.831272882753694","21.419889302655985, 39.82558482788133",517,4343
2025-05-07 08:42:01,Al Haram,Kuday,"21.419889302655985, 39.82558482788133","21.386017426262615, 39.831272882753694",634,6654
2025-05-07 08:42:01,Aziziyah,Al Haram,"21.413702416492058, 39.87087954932962","21.420171155678947, 39.8263961521443",669,6658
2025-05-07 08:42:01,Al Haram,Aziziyah,"21.420171155678947, 39.8263961521443","21.413702416492058, 39.87087954932962",606,5608
2025-05-07 08:42:01,Al Diyafah,Al Haram,"21.43771949536763, 39.79759612052554","21.426614011809374, 39.826821469626985",599,4652
2025-05-07 08:42:01,Al Haram,Al Diyafah,"21.426614011809374, 39.826821469626985","21.43771949536763, 39.79759612052554",750,6431
2025-05-07 08:42:01,Al Rusayfah,Al Haram,"21.42428619106314, 39.793562519396815","21.421894110407177, 39.82933707000043",493,4587
2025-05-07 08:42:01,Al Haram,Al Rusayfah,"21.421012408507792, 39.82275380268641","21.42428619106314, 39.793562519396815",399,3554
2025-05-07 08:42:01,Al Andalus,Al Haram,"21.44532880698111, 39.83456350366402","21.426567017912237, 39.82737258937668",755,5138
2025-05-07 08:42:01,Al Haram,Al Andalus,"21.426567017912237, 39.82737258937668","21.44532880698111, 39.83456350366402",483,2772
2025-05-07 08:54:27,Kuday,Al Haram,"21.386017426262615, 39.831272882753694","21.419889302655985, 39.82558482788133",517,4343
2025-05-07 08:54:27,Al Haram,Kuday,"21.419889302655985, 39.82558482788133","21.386017426262615, 39.831272882753694",634,6654
2025-05-07 08:54:27,Aziziyah,Al Haram,"21.413702416492058, 39.87087954932962","21.420171155678947, 39.8263961521443",669,6658
2025-05-07 08:54:27,Al Haram,Aziziyah,"21.420171155678947, 39.8263961521443","21.413702416492058, 39.87087954932962",606,5608
2025-05-07 08:54:27,Al Diyafah,Al Haram,"21.43771949536763, 39.79759612052554","21.426614011809374, 39.826821469626985",599,4652
2025-05-07 08:54:27,Al Haram,Al Diyafah,"21.426614011809374, 39.826821469626985","21.43771949536763, 39.79759612052554",750,6431
2025-05-07 08:54:27,Al Rusayfah,Al Haram,"21.42428619106314, 39.793562519396815","21.421894110407177, 39.82933707000043",493,4587
2025-05-07 08:54:27,Al Haram,Al Rusayfah,"21.421012408507792, 39.82275380268641","21.42428619106314, 39.793562519396815",399,3554
2025-05-07 08:54:27,Al Andalus,Al Haram,"21.44532880698111, 39.83456350366402","21.426567017912237, 39.82737258937668",755,5138
2025-05-07 08:54:27,Al Haram,Al Andalus,"21.426567017912237, 39.82737258937668","21.44532880698111, 39.83456350366402",483,2772
2025-05-07 09:32:41,Kuday,Al Haram,"21.386017426262615, 39.831272882753694","21.419889302655985, 39.82558482788133",517,4343
2025-05-07 09:32:41,Al Haram,Kuday,"21.419889302655985, 39.82558482788133","21.386017426262615, 39.831272882753694",634,6654
2025-05-07 09:32:41,Aziziyah,Al Haram,"21.413702416492058, 39.87087954932962","21.420171155678947, 39.8263961521443",669,6658
2025-05-07 09:32:41,Al Haram,Aziziyah,"21.420171155678947, 39.8263961521443","21.413702416492058, 39.87087954932962",606,5608
2025-05-07 09:32:41,Al Diyafah,Al Haram,"21.43771949536763, 39.79759612052554","21.426614011809374, 39.826821469626985",599,4652
2025-05-07 09:32:41,Al Haram,Al Diyafah,"21.426614011809374, 39.826821469626985","21.43771949536763, 39.79759612052554",750,6431
2025-05-07 09:32:41,Al Rusayfah,Al Haram,"21.42428619106314, 39.793562519396815","21.421894110407177, 39.82933707000043",493,4587
2025-05-07 09:32:41,Al Haram,Al Rusayfah,"21.421012408507792, 39.82275380268641","21.42428619106314, 39.793562519396815",399,3554
2025-05-07 09:32:41,Al Andalus,Al Haram,"21.44532880698111, 39.83456350366402","21.426567017912237, 39.82737258937668",755,5138
2025-05-07 09:32:41,Al Haram,Al Andalus,"21.426567017912237, 39.82737258937668","21.44532880698111, 39.83456350366402",483,2772
2025-05-07 09:49:48,Kuday,Al Haram,"21.386017426262615, 39.831272882753694","21.419889302655985, 39.82558482788133",496,4463
2025-05-07 09:49:48,Al Haram,Kuday,"21.419889302655985, 39.82558482788133","21.386017426262615, 39.831272882753694",585,6654
2025-05-07 09:49:48,Aziziyah,Al Haram,"21.413702416492058, 39.87087954932962","21.420171155678947, 39.8263961521443",669,6658
2025-05-07 09:49:48,Al Haram,Aziziyah,"21.420171155678947, 39.8263961521443","21.413702416492058, 39.87087954932962",631,5608
2025-05-07 09:49:48,Al Diyafah,Al Haram,"21.43771949536763, 39.79759612052554","21.426614011809374, 39.826821469626985",601,4652
2025-05-07 09:49:48,Al Haram,Al Diyafah,"21.426614011809374, 39.826821469626985","21.43771949536763, 39.79759612052554",731,6431
2025-05-07 09:49:48,Al Rusayfah,Al Haram,"21.42428619106314, 39.793562519396815","21.421894110407177, 39.82933707000043",593,4587
2025-05-07 09:49:48,Al Haram,Al Rusayfah,"21.421012408507792, 39.82275380268641","21.42428619106314, 39.793562519396815",358,3554
2025-05-07 09:49:48,Al Andalus,Al Haram,"21.44532880698111, 39.83456350366402","21.426567017912237, 39.82737258937668",701,5117
2025-05-07 09:49:48,Al Haram,Al Andalus,"21.426567017912237, 39.82737258937668","21.44532880698111, 39.83456350366402",498,2772
2025-05-07 10:44:24,Kuday,Al Haram,"21.386017426262615, 39.831272882753694","21.419889302655985, 39.82558482788133",496,4463
2025-05-07 10:44:24,Al Haram,Kuday,"21.419889302655985, 39.82558482788133","21.386017426262615, 39.831272882753694",585,6654
2025-05-07 10:44:24,Aziziyah,Al Haram,"21.413702416492058, 39.87087954932962","21.420171155678947, 39.8263961521443",669,6658
2025-05-07 10:44:24,Al Haram,Aziziyah,"21.420171155678947, 39.8263961521443","21.413702416492058, 39.87087954932962",631,5608
2025-05-07 10:44:24,Al Diyafah,Al Haram,"21.43771949536763, 39.79759612052554","21.426614011809374, 39.826821469626985",601,4652
2025-05-07 10:44:24,Al Haram,Al Diyafah,"21.426614011809374, 39.826821469626985","21.43771949536763, 39.79759612052554",731,6431
2025-05-07 10:44:24,Al Rusayfah,Al Haram,"21.42428619106314, 39.793562519396815","21.421894110407177, 39.82933707000043",593,4587
2025-05-07 10:44:24,Al Haram,Al Rusayfah,"21.421012408507792, 39.82275380268641","21.42428619106314, 39.793562519396815",358,3554
2025-05-07 10:44:24,Al Andalus,Al Haram,"21.44532880698111, 39.83456350366402","21.426567017912237, 39.82737258937668",701,5117
2025-05-07 10:44:24,Al Haram,Al Andalus,"21.426567017912237, 39.82737258937668","21.44532880698111, 39.83456350366402",498,2772
2025-05-07 11:32:39,Kuday,Al Haram,"21.386017426262615, 39.831272882753694","21.419889302655985, 39.82558482788133",544,4498
2025-05-07 11:32:39,Al Haram,Kuday,"21.419889302655985, 39.82558482788133","21.386017426262615, 39.831272882753694",650,6654
2025-05-07 11:32:39,Aziziyah,Al Haram,"21.413702416492058, 39.87087954932962","21.420171155678947, 39.8263961521443",734,6658
2025-05-07 11:32:39,Al Haram,Aziziyah,"21.420171155678947, 39.8263961521443","21.413702416492058, 39.87087954932962",674,5608
2025-05-07 11:32:39,Al Diyafah,Al Haram,"21.43771949536763, 39.79759612052554","21.426614011809374, 39.826821469626985",610,5133
2025-05-07 11:32:39,Al Haram,Al Diyafah,"21.426614011809374, 39.826821469626985","21.43771949536763, 39.79759612052554",751,6824
2025-05-07 11:32:39,Al Rusayfah,Al Haram,"21.42428619106314, 39.793562519396815","21.421894110407177, 39.82933707000043",869,4588
2025-05-07 11:32:39,Al Haram,Al Rusayfah,"21.421012408507792, 39.82275380268641","21.42428619106314, 39.793562519396815",422,3554
2025-05-07 11:32:39,Al Andalus,Al Haram,"21.44532880698111, 39.83456350366402","21.426567017912237, 39.82737258937668",760,5117
2025-05-07 11:32:39,Al Haram,Al Andalus,"21.426567017912237, 39.82737258937668","21.44532880698111, 39.83456350366402",482,2772
2025-05-07 13:06:55,Kuday,Al Haram,"21.386017426262615, 39.831272882753694","21.419889302655985, 39.82558482788133",530,4498
2025-05-07 13:06:55,Al Haram,Kuday,"21.419889302655985, 39.82558482788133","21.386017426262615, 39.831272882753694",693,4675
2025-05-07 13:06:55,Aziziyah,Al Haram,"21.413702416492058, 39.87087954932962","21.420171155678947, 39.8263961521443",674,6632
2025-05-07 13:06:55,Al Haram,Aziziyah,"21.420171155678947, 39.8263961521443","21.413702416492058, 39.87087954932962",714,5608
2025-05-07 13:06:55,Al Diyafah,Al Haram,"21.43771949536763, 39.79759612052554","21.426614011809374, 39.826821469626985",665,6038
2025-05-07 13:06:55,Al Haram,Al Diyafah,"21.426614011809374, 39.826821469626985","21.43771949536763, 39.79759612052554",748,6824
2025-05-07 13:06:55,Al Rusayfah,Al Haram,"21.42428619106314, 39.793562519396815","21.421894110407177, 39.82933707000043",1150,4588
2025-05-07 13:06:55,Al Haram,Al Rusayfah,"21.421012408507792, 39.82275380268641","21.42428619106314, 39.793562519396815",405,3554
2025-05-07 13:06:55,Al Andalus,Al Haram,"21.44532880698111, 39.83456350366402","21.426567017912237, 39.82737258937668",823,5138
2025-05-07 13:06:55,Al Haram,Al Andalus,"21.426567017912237, 39.82737258937668","21.44532880698111, 39.83456350366402",498,2772
2025-05-07 13:48:04,Kuday,Al Haram,"21.386017426262615, 39.831272882753694","21.419889302655985, 39.82558482788133",530,4498
2025-05-07 13:48:04,Al Haram,Kuday,"21.419889302655985, 39.82558482788133","21.386017426262615, 39.831272882753694",693,4675
2025-05-07 13:48:04,Aziziyah,Al Haram,"21.413702416492058, 39.87087954932962","21.420171155678947, 39.8263961521443",674,6632
2025-05-07 13:48:04,Al Haram,Aziziyah,"21.420171155678947, 39.8263961521443","21.413702416492058, 39.87087954932962",714,5608
2025-05-07 13:48:04,Al Diyafah,Al Haram,"21.43771949536763, 39.79759612052554","21.426614011809374, 39.826821469626985",665,6038
2025-05-07 13:48:04,Al Haram,Al Diyafah,"21.426614011809374, 39.826821469626985","21.43771949536763, 39.79759612052554",748,6824
2025-05-07 13:48:04,Al Rusayfah,Al Haram,"21.42428619106314, 39.793562519396815","21.421894110407177, 39.82933707000043",1150,4588
2025-05-07 13:48:04,Al Haram,Al Rusayfah,"21.421012408507792, 39.82275380268641","21.42428619106314, 39.793562519396815",405,3554
2025-05-07 13:48:04,Al Andalus,Al Haram,"21.44532880698111, 39.83456350366402","21.426567017912237, 39.82737258937668",823,5138
2025-05-07 13:48:04,Al Haram,Al Andalus,"21.426567017912237, 39.82737258937668","21.44532880698111, 39.83456350366402",498,2772
2025-05-07 14:43:10,Kuday,Al Haram,"21.386017426262615, 39.831272882753694","21.419889302655985, 39.82558482788133",536,4498
2025-05-07 14:43:10,Al Haram,Kuday,"21.419889302655985, 39.82558482788133","21.386017426262615, 39.831272882753694",724,4675
2025-05-07 14:43:10,Aziziyah,Al Haram,"21.413702416492058, 39.87087954932962","21.420171155678947, 39.8263961521443",755,6653
2025-05-07 14:43:10,Al Haram,Aziziyah,"21.420171155678947, 39.8263961521443","21.413702416492058, 39.87087954932962",702,5608
2025-05-07 14:43:10,Al Diyafah,Al Haram,"21.43771949536763, 39.79759612052554","21.426614011809374, 39.826821469626985",666,4652
2025-05-07 14:43:10,Al Haram,Al Diyafah,"21.426614011809374, 39.826821469626985","21.43771949536763, 39.79759612052554",810,6431
2025-05-07 14:43:10,Al Rusayfah,Al Haram,"21.42428619106314, 39.793562519396815","21.421894110407177, 39.82933707000043",1018,5366
2025-05-07 14:43:10,Al Haram,Al Rusayfah,"21.421012408507792, 39.82275380268641","21.42428619106314, 39.793562519396815",501,3554
2025-05-07 14:43:10,Al Andalus,Al Haram,"21.44532880698111, 39.83456350366402","21.426567017912237, 39.82737258937668",880,5138
2025-05-07 14:43:10,Al Haram,Al Andalus,"21.426567017912237, 39.82737258937668","21.44532880698111, 39.83456350366402",480,2772
2025-05-07 15:33:12,Kuday,Al Haram,"21.386017426262615, 39.831272882753694","21.419889302655985, 39.82558482788133",536,4498
2025-05-07 15:33:12,Al Haram,Kuday,"21.419889302655985, 39.82558482788133","21.386017426262615, 39.831272882753694",724,4675
2025-05-07 15:33:12,Aziziyah,Al Haram,"21.413702416492058, 39.87087954932962","21.420171155678947, 39.8263961521443",755,6653
2025-05-07 15:33:12,Al Haram,Aziziyah,"21.420171155678947, 39.8263961521443","21.413702416492058, 39.87087954932962",702,5608
2025-05-07 15:33:12,Al Diyafah,Al Haram,"21.43771949536763, 39.79759612052554","21.426614011809374, 39.826821469626985",666,4652
2025-05-07 15:33:12,Al Haram,Al Diyafah,"21.426614011809374, 39.826821469626985","21.43771949536763, 39.79759612052554",810,6431
2025-05-07 15:33:12,Al Rusayfah,Al Haram,"21.42428619106314, 39.793562519396815","21.421894110407177, 39.82933707000043",1018,5366
2025-05-07 15:33:12,Al Haram,Al Rusayfah,"21.421012408507792, 39.82275380268641","21.42428619106314, 39.793562519396815",501,3554
2025-05-07 15:33:12,Al Andalus,Al Haram,"21.44532880698111, 39.83456350366402","21.426567017912237, 39.82737258937668",880,5138
2025-05-07 15:33:12,Al Haram,Al Andalus,"21.426567017912237, 39.82737258937668","21.44532880698111, 39.83456350366402",480,2772
2025-05-07 15:53:36,Kuday,Al Haram,"21.386017426262615, 39.831272882753694","21.419889302655985, 39.82558482788133",536,4498
2025-05-07 15:53:36,Al Haram,Kuday,"21.419889302655985, 39.82558482788133","21.386017426262615, 39.831272882753694",724,4675
2025-05-07 15:53:36,Aziziyah,Al Haram,"21.413702416492058, 39.87087954932962","21.420171155678947, 39.8263961521443",755,6653
2025-05-07 15:53:36,Al Haram,Aziziyah,"21.420171155678947, 39.8263961521443","21.413702416492058, 39.87087954932962",702,5608
2025-05-07 15:53:36,Al Diyafah,Al Haram,"21.43771949536763, 39.79759612052554","21.426614011809374, 39.826821469626985",666,4652
2025-05-07 15:53:36,Al Haram,Al Diyafah,"21.426614011809374, 39.826821469626985","21.43771949536763, 39.79759612052554",810,6431
2025-05-07 15:53:36,Al Rusayfah,Al Haram,"21.42428619106314, 39.793562519396815","21.421894110407177, 39.82933707000043",1018,5366
2025-05-07 15:53:36,Al Haram,Al Rusayfah,"21.421012408507792, 39.82275380268641","21.42428619106314, 39.793562519396815",501,3554
2025-05-07 15:53:36,Al Andalus,Al Haram,"21.44532880698111, 39.83456350366402","21.426567017912237, 39.82737258937668",880,5138
2025-05-07 15:53:36,Al Haram,Al Andalus,"21.426567017912237, 39.82737258937668","21.44532880698111, 39.83456350366402",480,2772
